-- Seed mock data for core-schedule service
-- Period: 16.01.2026 – 15.04.2026 (semester), 16.04 – 25.04 (session)
-- Cycle anchor: 23.03.2026 (Monday, Week 1)
-- Group: ИКПИ-25

-- ============================================================================
-- Teacher cache (mirrors core-client-info User data)
-- ============================================================================
-- Deterministic UUIDs for teachers:
--   d0000000-...-001 = Коробов С.А.
--   d0000000-...-002 = Бондаренко И.Б.
--   d0000000-...-003 = Михайлов В.Д.
--   d0000000-...-004 = Усков М.В.
--   d0000000-...-005 = Вивчарь Р.М.
--   d0000000-...-006 = Гулькина Д.Н.
--   d0000000-...-007 = Смирнов К.А.
--   d0000000-...-008 = Белая Т.И.
--   d0000000-...-009 = Леонов А.С.
INSERT INTO teacher_cache (id, name) VALUES
    ('d0000000-0000-0000-0000-000000000001', 'Коробов С.А.'),
    ('d0000000-0000-0000-0000-000000000002', 'Бондаренко И.Б.'),
    ('d0000000-0000-0000-0000-000000000003', 'Михайлов В.Д.'),
    ('d0000000-0000-0000-0000-000000000004', 'Усков М.В.'),
    ('d0000000-0000-0000-0000-000000000005', 'Вивчарь Р.М.'),
    ('d0000000-0000-0000-0000-000000000006', 'Гулькина Д.Н.'),
    ('d0000000-0000-0000-0000-000000000007', 'Смирнов К.А.'),
    ('d0000000-0000-0000-0000-000000000008', 'Белая Т.И.'),
    ('d0000000-0000-0000-0000-000000000009', 'Леонов А.С.')
ON CONFLICT (id) DO UPDATE SET name = EXCLUDED.name;

-- ============================================================================
-- Semester
-- ============================================================================
INSERT INTO semester (id, name, start_date, end_date, cycle_anchor_date, is_active)
VALUES ('a0000000-0000-0000-0000-000000000001', 'Весна 2026', '2026-01-16', '2026-04-15', '2026-03-23', TRUE)
ON CONFLICT (id) DO NOTHING;

-- ============================================================================
-- Classrooms
-- ============================================================================
INSERT INTO classroom (id, name) VALUES
    ('c0000000-0000-0000-0000-000000000001', '233'),
    ('c0000000-0000-0000-0000-000000000002', '235'),
    ('c0000000-0000-0000-0000-000000000003', '258'),
    ('c0000000-0000-0000-0000-000000000004', '374'),
    ('c0000000-0000-0000-0000-000000000005', '441'),
    ('c0000000-0000-0000-0000-000000000006', '460'),
    ('c0000000-0000-0000-0000-000000000007', '462'),
    ('c0000000-0000-0000-0000-000000000008', '700')
ON CONFLICT (id) DO NOTHING;

-- ============================================================================
-- Schedule template — Week 1 (anchor week: 23.03.2026 – 28.03.2026)
-- ============================================================================

-- Week 1, Monday (day_of_week=0)
INSERT INTO schedule_template (id, semester_id, week_number, day_of_week, slot_number, start_time, end_time, subject_name, lesson_type, teacher_id, group_name, classroom_name) VALUES
    ('t1000000-0000-0000-0000-000000000001', 'a0000000-0000-0000-0000-000000000001', 1, 0, 3, '13:00', '14:35', 'Математические методы и алгоритмы функционирования киберфизических систем', 'Практическое занятие', 'd0000000-0000-0000-0000-000000000001', 'ИКПИ-25', '258'),
    ('t1000000-0000-0000-0000-000000000002', 'a0000000-0000-0000-0000-000000000001', 1, 0, 4, '14:45', '16:20', 'Проектирование и архитектура программных систем', 'Практическое занятие', 'd0000000-0000-0000-0000-000000000002', 'ИКПИ-25', '233'),
    ('t1000000-0000-0000-0000-000000000003', 'a0000000-0000-0000-0000-000000000001', 1, 0, 5, '16:30', '18:05', 'Проектирование и архитектура программных систем', 'Лабораторная работа', 'd0000000-0000-0000-0000-000000000002', 'ИКПИ-25', '233')
ON CONFLICT (id) DO NOTHING;

-- Week 1, Tuesday (day_of_week=1)
INSERT INTO schedule_template (id, semester_id, week_number, day_of_week, slot_number, start_time, end_time, subject_name, lesson_type, teacher_id, group_name, classroom_name) VALUES
    ('t1000000-0000-0000-0000-000000000004', 'a0000000-0000-0000-0000-000000000001', 1, 1, 1, '09:00', '10:35', 'Программное обеспечение инфокоммуникационных сетей и систем', 'Лабораторная работа', 'd0000000-0000-0000-0000-000000000003', 'ИКПИ-25', '460'),
    ('t1000000-0000-0000-0000-000000000005', 'a0000000-0000-0000-0000-000000000001', 1, 1, 2, '10:45', '12:20', 'Программное обеспечение инфокоммуникационных сетей и систем', 'Практическое занятие', 'd0000000-0000-0000-0000-000000000003', 'ИКПИ-25', '460'),
    ('t1000000-0000-0000-0000-000000000006', 'a0000000-0000-0000-0000-000000000001', 1, 1, 3, '13:00', '14:35', 'Математические методы и алгоритмы функционирования киберфизических систем', 'Практическое занятие', 'd0000000-0000-0000-0000-000000000001', 'ИКПИ-25', '235')
ON CONFLICT (id) DO NOTHING;

-- Week 1, Wednesday (day_of_week=2)
INSERT INTO schedule_template (id, semester_id, week_number, day_of_week, slot_number, start_time, end_time, subject_name, lesson_type, teacher_id, group_name, classroom_name) VALUES
    ('t1000000-0000-0000-0000-000000000007', 'a0000000-0000-0000-0000-000000000001', 1, 2, 1, '09:00', '10:35', 'Военная подготовка', 'Практическое занятие', NULL, 'ИКПИ-25', NULL),
    ('t1000000-0000-0000-0000-000000000008', 'a0000000-0000-0000-0000-000000000001', 1, 2, 2, '10:45', '12:20', 'Военная подготовка', 'Практическое занятие', NULL, 'ИКПИ-25', NULL),
    ('t1000000-0000-0000-0000-000000000009', 'a0000000-0000-0000-0000-000000000001', 1, 2, 3, '13:00', '14:35', 'Военная подготовка', 'Практическое занятие', NULL, 'ИКПИ-25', NULL),
    ('t1000000-0000-0000-0000-00000000000a', 'a0000000-0000-0000-0000-000000000001', 1, 2, 4, '14:45', '16:20', 'Военная подготовка', 'Практическое занятие', NULL, 'ИКПИ-25', NULL)
ON CONFLICT (id) DO NOTHING;

-- Week 1, Thursday (day_of_week=3)
INSERT INTO schedule_template (id, semester_id, week_number, day_of_week, slot_number, start_time, end_time, subject_name, lesson_type, teacher_id, group_name, classroom_name) VALUES
    ('t1000000-0000-0000-0000-00000000000b', 'a0000000-0000-0000-0000-000000000001', 1, 3, 2, '10:45', '12:20', 'Сетевое программное обеспечение', 'Лекция', 'd0000000-0000-0000-0000-000000000004', 'ИКПИ-25', '441'),
    ('t1000000-0000-0000-0000-00000000000c', 'a0000000-0000-0000-0000-000000000001', 1, 3, 3, '13:00', '14:35', 'Программное обеспечение инфокоммуникационных сетей и систем', 'Лекция', 'd0000000-0000-0000-0000-000000000004', 'ИКПИ-25', '441'),
    ('t1000000-0000-0000-0000-00000000000d', 'a0000000-0000-0000-0000-000000000001', 1, 3, 5, '16:30', '18:05', 'Математические методы и алгоритмы функционирования киберфизических систем', 'Лекция', 'd0000000-0000-0000-0000-000000000005', 'ИКПИ-25', '700')
ON CONFLICT (id) DO NOTHING;

-- Week 1, Friday (day_of_week=4)
INSERT INTO schedule_template (id, semester_id, week_number, day_of_week, slot_number, start_time, end_time, subject_name, lesson_type, teacher_id, group_name, classroom_name) VALUES
    ('t1000000-0000-0000-0000-00000000000e', 'a0000000-0000-0000-0000-000000000001', 1, 4, 3, '13:00', '14:35', 'Сетевое программное обеспечение', 'Лабораторная работа', 'd0000000-0000-0000-0000-000000000006', 'ИКПИ-25', '462'),
    ('t1000000-0000-0000-0000-00000000000f', 'a0000000-0000-0000-0000-000000000001', 1, 4, 4, '14:45', '16:20', 'Сетевое программное обеспечение', 'Практическое занятие', 'd0000000-0000-0000-0000-000000000003', 'ИКПИ-25', '374'),
    ('t1000000-0000-0000-0000-000000000010', 'a0000000-0000-0000-0000-000000000001', 1, 4, 5, '16:30', '18:05', 'Проектирование и архитектура программных систем', 'Лекция', 'd0000000-0000-0000-0000-000000000007', 'ИКПИ-25', '700'),
    ('t1000000-0000-0000-0000-000000000011', 'a0000000-0000-0000-0000-000000000001', 1, 4, 6, '18:15', '19:50', 'Процессы жизненного цикла программного обеспечения', 'Лекция', 'd0000000-0000-0000-0000-000000000008', 'ИКПИ-25', '700')
ON CONFLICT (id) DO NOTHING;

-- Week 1, Saturday (day_of_week=5)
INSERT INTO schedule_template (id, semester_id, week_number, day_of_week, slot_number, start_time, end_time, subject_name, lesson_type, teacher_id, group_name, classroom_name) VALUES
    ('t1000000-0000-0000-0000-000000000012', 'a0000000-0000-0000-0000-000000000001', 1, 5, 1, '09:00', '10:35', 'Процессы жизненного цикла программного обеспечения', 'Лабораторная работа', 'd0000000-0000-0000-0000-000000000009', 'ИКПИ-25', '233'),
    ('t1000000-0000-0000-0000-000000000013', 'a0000000-0000-0000-0000-000000000001', 1, 5, 2, '10:45', '12:20', 'Процессы жизненного цикла программного обеспечения', 'Практическое занятие', 'd0000000-0000-0000-0000-000000000009', 'ИКПИ-25', '233')
ON CONFLICT (id) DO NOTHING;

-- ============================================================================
-- Schedule template — Week 2 (30.03.2026 – 04.04.2026)
-- Differences from Week 1:
--   Monday slot 3: Лабораторная работа (was Практическое занятие)
--   Tuesday slot 3: absent (was Коробов, aud 235)
-- ============================================================================

-- Week 2, Monday (day_of_week=0)
INSERT INTO schedule_template (id, semester_id, week_number, day_of_week, slot_number, start_time, end_time, subject_name, lesson_type, teacher_id, group_name, classroom_name) VALUES
    ('t2000000-0000-0000-0000-000000000001', 'a0000000-0000-0000-0000-000000000001', 2, 0, 3, '13:00', '14:35', 'Математические методы и алгоритмы функционирования киберфизических систем', 'Лабораторная работа', 'd0000000-0000-0000-0000-000000000001', 'ИКПИ-25', '258'),
    ('t2000000-0000-0000-0000-000000000002', 'a0000000-0000-0000-0000-000000000001', 2, 0, 4, '14:45', '16:20', 'Проектирование и архитектура программных систем', 'Практическое занятие', 'd0000000-0000-0000-0000-000000000002', 'ИКПИ-25', '233'),
    ('t2000000-0000-0000-0000-000000000003', 'a0000000-0000-0000-0000-000000000001', 2, 0, 5, '16:30', '18:05', 'Проектирование и архитектура программных систем', 'Лабораторная работа', 'd0000000-0000-0000-0000-000000000002', 'ИКПИ-25', '233')
ON CONFLICT (id) DO NOTHING;

-- Week 2, Tuesday (day_of_week=1) — only 2 slots (no slot 3)
INSERT INTO schedule_template (id, semester_id, week_number, day_of_week, slot_number, start_time, end_time, subject_name, lesson_type, teacher_id, group_name, classroom_name) VALUES
    ('t2000000-0000-0000-0000-000000000004', 'a0000000-0000-0000-0000-000000000001', 2, 1, 1, '09:00', '10:35', 'Программное обеспечение инфокоммуникационных сетей и систем', 'Лабораторная работа', 'd0000000-0000-0000-0000-000000000003', 'ИКПИ-25', '460'),
    ('t2000000-0000-0000-0000-000000000005', 'a0000000-0000-0000-0000-000000000001', 2, 1, 2, '10:45', '12:20', 'Программное обеспечение инфокоммуникационных сетей и систем', 'Практическое занятие', 'd0000000-0000-0000-0000-000000000003', 'ИКПИ-25', '460')
ON CONFLICT (id) DO NOTHING;

-- Week 2, Wednesday (day_of_week=2) — same as Week 1
INSERT INTO schedule_template (id, semester_id, week_number, day_of_week, slot_number, start_time, end_time, subject_name, lesson_type, teacher_id, group_name, classroom_name) VALUES
    ('t2000000-0000-0000-0000-000000000006', 'a0000000-0000-0000-0000-000000000001', 2, 2, 1, '09:00', '10:35', 'Военная подготовка', 'Практическое занятие', NULL, 'ИКПИ-25', NULL),
    ('t2000000-0000-0000-0000-000000000007', 'a0000000-0000-0000-0000-000000000001', 2, 2, 2, '10:45', '12:20', 'Военная подготовка', 'Практическое занятие', NULL, 'ИКПИ-25', NULL),
    ('t2000000-0000-0000-0000-000000000008', 'a0000000-0000-0000-0000-000000000001', 2, 2, 3, '13:00', '14:35', 'Военная подготовка', 'Практическое занятие', NULL, 'ИКПИ-25', NULL),
    ('t2000000-0000-0000-0000-000000000009', 'a0000000-0000-0000-0000-000000000001', 2, 2, 4, '14:45', '16:20', 'Военная подготовка', 'Практическое занятие', NULL, 'ИКПИ-25', NULL)
ON CONFLICT (id) DO NOTHING;

-- Week 2, Thursday (day_of_week=3) — same as Week 1
INSERT INTO schedule_template (id, semester_id, week_number, day_of_week, slot_number, start_time, end_time, subject_name, lesson_type, teacher_id, group_name, classroom_name) VALUES
    ('t2000000-0000-0000-0000-00000000000a', 'a0000000-0000-0000-0000-000000000001', 2, 3, 2, '10:45', '12:20', 'Сетевое программное обеспечение', 'Лекция', 'd0000000-0000-0000-0000-000000000004', 'ИКПИ-25', '441'),
    ('t2000000-0000-0000-0000-00000000000b', 'a0000000-0000-0000-0000-000000000001', 2, 3, 3, '13:00', '14:35', 'Программное обеспечение инфокоммуникационных сетей и систем', 'Лекция', 'd0000000-0000-0000-0000-000000000004', 'ИКПИ-25', '441'),
    ('t2000000-0000-0000-0000-00000000000c', 'a0000000-0000-0000-0000-000000000001', 2, 3, 5, '16:30', '18:05', 'Математические методы и алгоритмы функционирования киберфизических систем', 'Лекция', 'd0000000-0000-0000-0000-000000000005', 'ИКПИ-25', '700')
ON CONFLICT (id) DO NOTHING;

-- Week 2, Friday (day_of_week=4) — same as Week 1
INSERT INTO schedule_template (id, semester_id, week_number, day_of_week, slot_number, start_time, end_time, subject_name, lesson_type, teacher_id, group_name, classroom_name) VALUES
    ('t2000000-0000-0000-0000-00000000000d', 'a0000000-0000-0000-0000-000000000001', 2, 4, 3, '13:00', '14:35', 'Сетевое программное обеспечение', 'Лабораторная работа', 'd0000000-0000-0000-0000-000000000006', 'ИКПИ-25', '462'),
    ('t2000000-0000-0000-0000-00000000000e', 'a0000000-0000-0000-0000-000000000001', 2, 4, 4, '14:45', '16:20', 'Сетевое программное обеспечение', 'Практическое занятие', 'd0000000-0000-0000-0000-000000000003', 'ИКПИ-25', '374'),
    ('t2000000-0000-0000-0000-00000000000f', 'a0000000-0000-0000-0000-000000000001', 2, 4, 5, '16:30', '18:05', 'Проектирование и архитектура программных систем', 'Лекция', 'd0000000-0000-0000-0000-000000000007', 'ИКПИ-25', '700'),
    ('t2000000-0000-0000-0000-000000000010', 'a0000000-0000-0000-0000-000000000001', 2, 4, 6, '18:15', '19:50', 'Процессы жизненного цикла программного обеспечения', 'Лекция', 'd0000000-0000-0000-0000-000000000008', 'ИКПИ-25', '700')
ON CONFLICT (id) DO NOTHING;

-- Week 2, Saturday (day_of_week=5) — same as Week 1
INSERT INTO schedule_template (id, semester_id, week_number, day_of_week, slot_number, start_time, end_time, subject_name, lesson_type, teacher_id, group_name, classroom_name) VALUES
    ('t2000000-0000-0000-0000-000000000011', 'a0000000-0000-0000-0000-000000000001', 2, 5, 1, '09:00', '10:35', 'Процессы жизненного цикла программного обеспечения', 'Лабораторная работа', 'd0000000-0000-0000-0000-000000000009', 'ИКПИ-25', '233'),
    ('t2000000-0000-0000-0000-000000000012', 'a0000000-0000-0000-0000-000000000001', 2, 5, 2, '10:45', '12:20', 'Процессы жизненного цикла программного обеспечения', 'Практическое занятие', 'd0000000-0000-0000-0000-000000000009', 'ИКПИ-25', '233')
ON CONFLICT (id) DO NOTHING;

-- ============================================================================
-- Session events (exams, credits, consultations)
-- ============================================================================
INSERT INTO session_event (id, semester_id, date, slot_number, start_time, end_time, subject_name, lesson_type, teacher_id, group_name, classroom_name) VALUES
    ('e0000000-0000-0000-0000-000000000001', 'a0000000-0000-0000-0000-000000000001', '2026-04-16', 4, '14:45', '16:20', 'Проектирование и архитектура программных систем', 'Зачёт', 'd0000000-0000-0000-0000-000000000007', 'ИКПИ-25', '233'),
    ('e0000000-0000-0000-0000-000000000002', 'a0000000-0000-0000-0000-000000000001', '2026-04-18', 3, '13:00', '14:35', 'Процессы жизненного цикла программного обеспечения', 'Зачёт', 'd0000000-0000-0000-0000-000000000008', 'ИКПИ-25', '235'),
    ('e0000000-0000-0000-0000-000000000003', 'a0000000-0000-0000-0000-000000000001', '2026-04-21', 2, '10:45', '12:20', 'Математические методы и алгоритмы функционирования киберфизических систем', 'Зачёт', 'd0000000-0000-0000-0000-000000000005', 'ИКПИ-25', '235'),
    ('e0000000-0000-0000-0000-000000000004', 'a0000000-0000-0000-0000-000000000001', '2026-04-24', NULL, '16:30', '17:15', 'Сетевое программное обеспечение', 'Консультация', 'd0000000-0000-0000-0000-000000000004', 'ИКПИ-25', '462'),
    ('e0000000-0000-0000-0000-000000000005', 'a0000000-0000-0000-0000-000000000001', '2026-04-25', NULL, '10:45', '14:35', 'Сетевое программное обеспечение', 'Экзамен', 'd0000000-0000-0000-0000-000000000004', 'ИКПИ-25', '462')
ON CONFLICT (id) DO NOTHING;
