-- Migration: Three additional test students (messages + auth linked by id)
--   f1000000-0000-0000-0000-000000000001 — София Волкова
--   f1000000-0000-0000-0000-000000000002 — Михаил Орлов
--   f1000000-0000-0000-0000-000000000003 — Анна Жукова

-- ─── user ───────────────────────────────────────────────────────────────────────

INSERT INTO "user" (id, name, last_name, middle_name, email, avatar, birth_date, snils, snils_issue_date, region, course, faculty, specialty, direction, profile, "group", status, qualification, start_year, end_year, student_card_number, university, average_grade, education_form)
VALUES
    (
        'f1000000-0000-0000-0000-000000000001',
        'София', 'Волкова', 'Дмитриевна',
        'sofia.volkova@example.com', NULL,
        '2001-04-22', '234-567-890 01', '2016-07-10',
        'Санкт-Петербург',
        3,
        'ИТПИ',
        'Информатика и вычислительная техника',
        '09.03.04 - Программная инженерия',
        'Разработка программного обеспечения и приложений искусственного интеллекта в киберфизических системах',
        'ИКПИ-25',
        'Обучается (Бюджет)',
        'Бакалавр',
        2023,
        2027,
        '№ 9900156',
        'СПбГУТ им. Бонч-Бруевича',
        4.55,
        'full_time'
    ),
    (
        'f1000000-0000-0000-0000-000000000002',
        'Михаил', 'Орлов', 'Павлович',
        'mikhail.orlov@example.com', NULL,
        '2000-11-08', '345-678-901 02', '2015-09-01',
        'Санкт-Петербург',
        2,
        'ИТПИ',
        'Информатика и вычислительная техника',
        '09.03.04 - Программная инженерия',
        'Разработка программного обеспечения и приложений искусственного интеллекта в киберфизических системах',
        'ИКПИ-25',
        'Обучается (Бюджет)',
        'Бакалавр',
        2024,
        2028,
        '№ 9900288',
        'СПбГУТ им. Бонч-Бруевича',
        4.20,
        'full_time'
    ),
    (
        'f1000000-0000-0000-0000-000000000003',
        'Анна', 'Жукова', 'Сергеевна',
        'anna.zhukova@example.com', NULL,
        '2001-02-14', '456-789-012 03', '2016-08-20',
        'Санкт-Петербург',
        4,
        'ИТПИ',
        'Информатика и вычислительная техника',
        '09.03.04 - Программная инженерия',
        'Разработка программного обеспечения и приложений искусственного интеллекта в киберфизических системах',
        'ИКПИ-25',
        'Обучается (Бюджет)',
        'Бакалавр',
        2022,
        2026,
        '№ 9900099',
        'СПбГУТ им. Бонч-Бруевича',
        4.88,
        'full_time'
    )
ON CONFLICT (id) DO NOTHING;

-- ─── user_settings ──────────────────────────────────────────────────────────────

INSERT INTO user_settings (id, user_id, is_new_message_notifications_enabled, is_schedule_change_notifications_enabled, telegram_token, vk_token)
VALUES
    ('f1111111-1111-1111-1111-111111111101', 'f1000000-0000-0000-0000-000000000001', TRUE, TRUE, NULL, NULL),
    ('f1111111-1111-1111-1111-111111111102', 'f1000000-0000-0000-0000-000000000002', TRUE, FALSE, NULL, NULL),
    ('f1111111-1111-1111-1111-111111111103', 'f1000000-0000-0000-0000-000000000003', TRUE, TRUE, NULL, NULL)
ON CONFLICT (user_id) DO NOTHING;

-- ─── rating_level ───────────────────────────────────────────────────────────────

INSERT INTO rating_level (id, user_id, level, current_xp)
VALUES
    ('f3333333-3333-3333-3333-333333333301', 'f1000000-0000-0000-0000-000000000001', 'intermediate', 420),
    ('f3333333-3333-3333-3333-333333333302', 'f1000000-0000-0000-0000-000000000002', 'beginner', 180),
    ('f3333333-3333-3333-3333-333333333303', 'f1000000-0000-0000-0000-000000000003', 'advanced', 780)
ON CONFLICT (user_id) DO NOTHING;

-- ─── ranking_position (9 types per user) ───────────────────────────────────────

INSERT INTO ranking_position (id, user_id, ranking_type, position, total, percentile)
VALUES
    ('f4444444-4444-4444-4444-444444444101', 'f1000000-0000-0000-0000-000000000001', 'byCourse', 18, 120, 85.00),
    ('f4444444-4444-4444-4444-444444444102', 'f1000000-0000-0000-0000-000000000001', 'byFaculty', 55, 450, 87.78),
    ('f4444444-4444-4444-4444-444444444103', 'f1000000-0000-0000-0000-000000000001', 'byUniversity', 210, 2500, 91.60),
    ('f4444444-4444-4444-4444-444444444104', 'f1000000-0000-0000-0000-000000000001', 'bySpecialty', 25, 200, 87.50),
    ('f4444444-4444-4444-4444-444444444105', 'f1000000-0000-0000-0000-000000000001', 'byAttendance', 30, 120, 75.00),
    ('f4444444-4444-4444-4444-444444444106', 'f1000000-0000-0000-0000-000000000001', 'byAttendanceCourse', 12, 120, 90.00),
    ('f4444444-4444-4444-4444-444444444107', 'f1000000-0000-0000-0000-000000000001', 'byAttendanceFaculty', 48, 450, 89.33),
    ('f4444444-4444-4444-4444-444444444108', 'f1000000-0000-0000-0000-000000000001', 'byAttendanceUniversity', 190, 2500, 92.40),
    ('f4444444-4444-4444-4444-444444444109', 'f1000000-0000-0000-0000-000000000001', 'byAttendanceSpecialty', 20, 200, 90.00),
    ('f4444444-4444-4444-4444-444444444201', 'f1000000-0000-0000-0000-000000000002', 'byCourse', 42, 120, 65.00),
    ('f4444444-4444-4444-4444-444444444202', 'f1000000-0000-0000-0000-000000000002', 'byFaculty', 120, 450, 73.33),
    ('f4444444-4444-4444-4444-444444444203', 'f1000000-0000-0000-0000-000000000002', 'byUniversity', 890, 2500, 64.40),
    ('f4444444-4444-4444-4444-444444444204', 'f1000000-0000-0000-0000-000000000002', 'bySpecialty', 55, 200, 72.50),
    ('f4444444-4444-4444-4444-444444444205', 'f1000000-0000-0000-0000-000000000002', 'byAttendance', 45, 120, 62.50),
    ('f4444444-4444-4444-4444-444444444206', 'f1000000-0000-0000-0000-000000000002', 'byAttendanceCourse', 28, 120, 76.67),
    ('f4444444-4444-4444-4444-444444444207', 'f1000000-0000-0000-0000-000000000002', 'byAttendanceFaculty', 95, 450, 78.89),
    ('f4444444-4444-4444-4444-444444444208', 'f1000000-0000-0000-0000-000000000002', 'byAttendanceUniversity', 700, 2500, 72.00),
    ('f4444444-4444-4444-4444-444444444209', 'f1000000-0000-0000-0000-000000000002', 'byAttendanceSpecialty', 48, 200, 76.00),
    ('f4444444-4444-4444-4444-444444444301', 'f1000000-0000-0000-0000-000000000003', 'byCourse', 2, 120, 98.33),
    ('f4444444-4444-4444-4444-444444444302', 'f1000000-0000-0000-0000-000000000003', 'byFaculty', 8, 450, 98.22),
    ('f4444444-4444-4444-4444-444444444303', 'f1000000-0000-0000-0000-000000000003', 'byUniversity', 35, 2500, 98.60),
    ('f4444444-4444-4444-4444-444444444304', 'f1000000-0000-0000-0000-000000000003', 'bySpecialty', 4, 200, 98.00),
    ('f4444444-4444-4444-4444-444444444305', 'f1000000-0000-0000-0000-000000000003', 'byAttendance', 5, 120, 95.83),
    ('f4444444-4444-4444-4444-444444444306', 'f1000000-0000-0000-0000-000000000003', 'byAttendanceCourse', 3, 120, 97.50),
    ('f4444444-4444-4444-4444-444444444307', 'f1000000-0000-0000-0000-000000000003', 'byAttendanceFaculty', 12, 450, 97.33),
    ('f4444444-4444-4444-4444-444444444308', 'f1000000-0000-0000-0000-000000000003', 'byAttendanceUniversity', 95, 2500, 96.20),
    ('f4444444-4444-4444-4444-444444444309', 'f1000000-0000-0000-0000-000000000003', 'byAttendanceSpecialty', 2, 200, 99.00)
ON CONFLICT (user_id, ranking_type) DO NOTHING;

-- ─── user_achievement ───────────────────────────────────────────────────────────

INSERT INTO user_achievement (id, user_id, achievement_id, unlocked, unlocked_at, progress, max_progress, times_earned)
VALUES
    ('f5555555-5555-5555-5555-555555555501', 'f1000000-0000-0000-0000-000000000001', 'communicative', TRUE, '2025-10-01 12:00:00+00', 1, 1, 1),
    ('f5555555-5555-5555-5555-555555555502', 'f1000000-0000-0000-0000-000000000001', 'early_bird', FALSE, NULL, 40, 100, 0),
    ('f5555555-5555-5555-5555-555555555503', 'f1000000-0000-0000-0000-000000000001', 'iron_man', FALSE, NULL, 25, 100, 0),
    ('f5555555-5555-5555-5555-555555555601', 'f1000000-0000-0000-0000-000000000002', 'first_try', FALSE, NULL, 10, 100, 0),
    ('f5555555-5555-5555-5555-555555555602', 'f1000000-0000-0000-0000-000000000002', 'perfectionist', FALSE, NULL, 55, 100, 0),
    ('f5555555-5555-5555-5555-555555555603', 'f1000000-0000-0000-0000-000000000002', 'excellent_student', TRUE, '2025-12-20 10:00:00+00', 1, 1, 1),
    ('f5555555-5555-5555-5555-555555555701', 'f1000000-0000-0000-0000-000000000003', 'top_1_percent', TRUE, '2026-01-05 09:00:00+00', 100, 100, 1),
    ('f5555555-5555-5555-5555-555555555702', 'f1000000-0000-0000-0000-000000000003', 'unstoppable', TRUE, '2026-02-14 15:00:00+00', 1, 1, 2),
    ('f5555555-5555-5555-5555-555555555703', 'f1000000-0000-0000-0000-000000000003', 'group_leader', TRUE, '2025-09-01 08:00:00+00', 1, 1, 1)
ON CONFLICT (user_id, achievement_id) DO NOTHING;

-- ─── streak ─────────────────────────────────────────────────────────────────────

INSERT INTO streak (id, user_id, current, best, last_updated)
VALUES
    ('f6666666-6666-6666-6666-666666666601', 'f1000000-0000-0000-0000-000000000001', 7, 14, '2026-03-28 07:30:00+00'),
    ('f6666666-6666-6666-6666-666666666602', 'f1000000-0000-0000-0000-000000000002', 3, 9, '2026-03-30 22:00:00+00'),
    ('f6666666-6666-6666-6666-666666666603', 'f1000000-0000-0000-0000-000000000003', 21, 35, '2026-03-31 06:45:00+00')
ON CONFLICT (user_id) DO NOTHING;

-- ─── user_grade (короткая выборка) ─────────────────────────────────────────────

DELETE FROM user_grade WHERE user_id IN (
    'f1000000-0000-0000-0000-000000000001',
    'f1000000-0000-0000-0000-000000000002',
    'f1000000-0000-0000-0000-000000000003'
);

INSERT INTO user_grade (id, user_id, subject, grade, grade_type, grade_date, course, semester, hours, teacher)
VALUES
    (gen_random_uuid(), 'f1000000-0000-0000-0000-000000000001', 'Алгоритмы и структуры данных', 4.0, 'exam', '2025-06-20 12:00:00+00', 2, 4, 180, 'Дагаев А.В.'),
    (gen_random_uuid(), 'f1000000-0000-0000-0000-000000000001', 'Базы данных', 5.0, 'exam', '2025-01-22 12:00:00+00', 3, 5, 144, 'Окунева Д.В.'),
    (gen_random_uuid(), 'f1000000-0000-0000-0000-000000000001', 'Web-технологии', NULL, 'credit', '2024-12-20 12:00:00+00', 3, 5, 108, 'Попов А.И.'),
    (gen_random_uuid(), 'f1000000-0000-0000-0000-000000000002', 'Программирование', 5.0, 'exam', '2025-06-18 12:00:00+00', 1, 2, 108, 'Коробов С.А.'),
    (gen_random_uuid(), 'f1000000-0000-0000-0000-000000000002', 'Высшая математика', 4.0, 'exam', '2025-06-25 12:00:00+00', 1, 2, 216, 'Плотников П.В.'),
    (gen_random_uuid(), 'f1000000-0000-0000-0000-000000000002', 'Объектно-ориентированное программирование', 4.0, 'exam', '2026-01-20 12:00:00+00', 2, 3, 180, 'Коробов С.А.'),
    (gen_random_uuid(), 'f1000000-0000-0000-0000-000000000003', 'Проектирование и архитектура программных систем', 5.0, 'exam', '2026-01-24 12:00:00+00', 4, 7, 144, 'Смирнов К.А.'),
    (gen_random_uuid(), 'f1000000-0000-0000-0000-000000000003', 'Математические методы и алгоритмы функционирования киберфизических систем', 5.0, 'exam', '2026-01-21 12:00:00+00', 4, 7, 108, 'Вивчарь Р.М.'),
    (gen_random_uuid(), 'f1000000-0000-0000-0000-000000000003', 'Протоколы, сервисы и услуги в IP-сетях', 5.0, 'exam', '2025-06-22 12:00:00+00', 3, 6, 144, 'Дунайцев Р.А.');

-- ─── user_subject_priority (ссылка на существующие subject_choice из 001) ─────

INSERT INTO user_subject_priority (id, user_id, choice_id, subject_id, priority)
VALUES
    ('fccccccc-cccc-cccc-cccc-cccccccccc01', 'f1000000-0000-0000-0000-000000000001', 'bbbbbbbb-bbbb-bbbb-bbbb-bbbbbbbbbbbd', 'programming-1', 0),
    ('fccccccc-cccc-cccc-cccc-cccccccccc02', 'f1000000-0000-0000-0000-000000000001', 'bbbbbbbb-bbbb-bbbb-bbbb-bbbbbbbbbbbd', 'programming-2', 1),
    ('fccccccc-cccc-cccc-cccc-cccccccccc03', 'f1000000-0000-0000-0000-000000000002', 'bbbbbbbb-bbbb-bbbb-bbbb-bbbbbbbbbbbb', 'math-1', 0),
    ('fccccccc-cccc-cccc-cccc-cccccccccc04', 'f1000000-0000-0000-0000-000000000002', 'bbbbbbbb-bbbb-bbbb-bbbb-bbbbbbbbbbbb', 'math-4', 1),
    ('fccccccc-cccc-cccc-cccc-cccccccccc05', 'f1000000-0000-0000-0000-000000000003', 'bbbbbbbb-bbbb-bbbb-bbbb-bbbbbbbbbbbc', 'physics-1', 0),
    ('fccccccc-cccc-cccc-cccc-cccccccccc06', 'f1000000-0000-0000-0000-000000000003', 'bbbbbbbb-bbbb-bbbb-bbbb-bbbbbbbbbbbc', 'physics-2', 1)
ON CONFLICT (user_id, choice_id, subject_id) DO NOTHING;
