-- Migration: 6 unregistered users for testing the registration flow.
-- These users exist in core-client-info but have NO entry in core-auth,
-- so they can be used to test /register (snils-based lookup + confirmation).
--
-- IDs: e1000000-0000-0000-0000-00000000000X
-- СНИЛС formats are stored as-is (with dashes/space); search normalises to digits.

-- ─── user ───────────────────────────────────────────────────────────────────────

INSERT INTO "user" (
    id, name, last_name, middle_name, email, avatar,
    birth_date, snils, snils_issue_date, region,
    course, faculty, specialty, direction, profile,
    "group", status, qualification,
    start_year, end_year, student_card_number,
    university, average_grade, education_form
) VALUES
    (
        'e1000000-0000-0000-0000-000000000001',
        'Алексей', 'Смирнов', 'Игоревич',
        'a.smirnov@example.com', NULL,
        '2002-07-15', '123-456-789 01', '2017-09-01',
        'Санкт-Петербург',
        2, 'ИТПИ',
        'Информатика и вычислительная техника',
        '09.03.04 - Программная инженерия',
        'Разработка программного обеспечения и приложений искусственного интеллекта в киберфизических системах',
        'ИКПИ-25', 'Обучается (Бюджет)', 'Бакалавр',
        2024, 2028, '№ 9901001',
        'СПбГУТ им. Бонч-Бруевича', 3.90, 'full_time'
    ),
    (
        'e1000000-0000-0000-0000-000000000002',
        'Екатерина', 'Морозова', 'Владимировна',
        'e.morozova@example.com', NULL,
        '2001-03-22', '987-654-321 02', '2016-06-15',
        'Санкт-Петербург',
        3, 'ИТПИ',
        'Информатика и вычислительная техника',
        '09.03.04 - Программная инженерия',
        'Разработка программного обеспечения и приложений искусственного интеллекта в киберфизических системах',
        'ИКПИ-25', 'Обучается (Бюджет)', 'Бакалавр',
        2023, 2027, '№ 9901002',
        'СПбГУТ им. Бонч-Бруевича', 4.70, 'full_time'
    ),
    (
        'e1000000-0000-0000-0000-000000000003',
        'Дмитрий', 'Новиков', 'Алексеевич',
        'd.novikov@example.com', NULL,
        '2000-11-30', '111-222-333 44', '2015-12-10',
        'Москва',
        4, 'ИТПИ',
        'Информатика и вычислительная техника',
        '09.03.04 - Программная инженерия',
        'Разработка программного обеспечения и приложений искусственного интеллекта в киберфизических системах',
        'ИКПИ-25', 'Обучается (Контракт)', 'Бакалавр',
        2022, 2026, '№ 9901003',
        'СПбГУТ им. Бонч-Бруевича', 3.60, 'full_time'
    ),
    (
        'e1000000-0000-0000-0000-000000000004',
        'Наталья', 'Козлова', 'Петровна',
        'n.kozlova@example.com', NULL,
        '2003-05-08', '555-444-333 22', '2018-09-01',
        'Санкт-Петербург',
        1, 'ИТПИ',
        'Информатика и вычислительная техника',
        '09.03.04 - Программная инженерия',
        'Разработка программного обеспечения и приложений искусственного интеллекта в киберфизических системах',
        'ИКПИ-25', 'Обучается (Бюджет)', 'Бакалавр',
        2025, 2029, '№ 9901004',
        'СПбГУТ им. Бонч-Бруевича', 4.10, 'full_time'
    ),
    (
        'e1000000-0000-0000-0000-000000000005',
        'Павел', 'Зайцев', 'Михайлович',
        'p.zaitsev@example.com', NULL,
        '2001-09-17', '777-888-999 00', '2016-10-20',
        'Санкт-Петербург',
        3, 'ИТПИ',
        'Информатика и вычислительная техника',
        '09.03.04 - Программная инженерия',
        'Разработка программного обеспечения и приложений искусственного интеллекта в киберфизических системах',
        'ИКПИ-26', 'Обучается (Бюджет)', 'Бакалавр',
        2023, 2027, '№ 9901005',
        'СПбГУТ им. Бонч-Бруевича', 4.30, 'full_time'
    ),
    (
        'e1000000-0000-0000-0000-000000000006',
        'Ирина', 'Лебедева', 'Николаевна',
        'i.lebedeva@example.com', NULL,
        '1980-02-14', '222-333-444 11', '2000-05-12',
        'Санкт-Петербург',
        NULL, 'ИТПИ',
        NULL, NULL, NULL,
        NULL, 'Преподаватель', 'teacher',
        NULL, NULL, NULL,
        'СПбГУТ им. Бонч-Бруевича', NULL, NULL
    )
ON CONFLICT (id) DO NOTHING;

-- ─── user_settings ──────────────────────────────────────────────────────────────

INSERT INTO user_settings (id, user_id, is_new_message_notifications_enabled, is_schedule_change_notifications_enabled, telegram_token, vk_token)
VALUES
    ('e1111111-1111-1111-1111-111111111101', 'e1000000-0000-0000-0000-000000000001', TRUE, TRUE, NULL, NULL),
    ('e1111111-1111-1111-1111-111111111102', 'e1000000-0000-0000-0000-000000000002', TRUE, TRUE, NULL, NULL),
    ('e1111111-1111-1111-1111-111111111103', 'e1000000-0000-0000-0000-000000000003', TRUE, FALSE, NULL, NULL),
    ('e1111111-1111-1111-1111-111111111104', 'e1000000-0000-0000-0000-000000000004', TRUE, TRUE, NULL, NULL),
    ('e1111111-1111-1111-1111-111111111105', 'e1000000-0000-0000-0000-000000000005', FALSE, TRUE, NULL, NULL),
    ('e1111111-1111-1111-1111-111111111106', 'e1000000-0000-0000-0000-000000000006', TRUE, FALSE, NULL, NULL)
ON CONFLICT (user_id) DO NOTHING;

-- ─── rating_level ───────────────────────────────────────────────────────────────

INSERT INTO rating_level (id, user_id, level, current_xp)
VALUES
    ('e3333333-3333-3333-3333-333333333301', 'e1000000-0000-0000-0000-000000000001', 'beginner', 90),
    ('e3333333-3333-3333-3333-333333333302', 'e1000000-0000-0000-0000-000000000002', 'intermediate', 350),
    ('e3333333-3333-3333-3333-333333333303', 'e1000000-0000-0000-0000-000000000003', 'beginner', 60),
    ('e3333333-3333-3333-3333-333333333304', 'e1000000-0000-0000-0000-000000000004', 'beginner', 15),
    ('e3333333-3333-3333-3333-333333333305', 'e1000000-0000-0000-0000-000000000005', 'intermediate', 240),
    ('e3333333-3333-3333-3333-333333333306', 'e1000000-0000-0000-0000-000000000006', 'beginner', 0)
ON CONFLICT (user_id) DO NOTHING;
