-- Migration: More test conversations for Ivan Ivanov (550e8400-e29b-41d4-a716-446655440000)
-- New users:
--   Дарья  Козлова  — d1000000-0000-0000-0000-000000000001 (student, ИКПИ-25)
--   Елена  Николаева — d1000000-0000-0000-0000-000000000003 (teacher)
--   Павел  Морозов  — d1000000-0000-0000-0000-000000000004 (student, ИКПИ-25)
-- New conversations (prefix e1…):
--   e1000001 — Ivan ↔ Алексей Сидоров   — 8 msgs, 2 unread (от Алексея)
--   e1000002 — Ivan ↔ Дарья Козлова     — 4 msgs, 0 unread
--   e1000003 — Ivan ↔ Елена Николаева   — 4 msgs, 1 unread (от Елены)
--   e1000004 — Ivan ↔ Павел Морозов     — 5 msgs, 3 unread (от Павла)
--   e1000005 — Broadcast Елена → ИКПИ-25 — 1 msg,  1 unread

-- ─── user_cache ─────────────────────────────────────────────────────────────────

INSERT INTO user_cache (user_id, name, last_name, middle_name, email, avatar, group_name, faculty, role, cached_at)
VALUES
    (
        'd1000000-0000-0000-0000-000000000001',
        'Дарья', 'Козлова', 'Андреевна',
        'kozlova.d@example.com', NULL,
        'ИКПИ-25', 'ИТПИ', 'student', NOW()
    ),
    (
        'd1000000-0000-0000-0000-000000000003',
        'Елена', 'Николаева', 'Игоревна',
        'nikolaeva.e@example.com', NULL,
        NULL, NULL, 'teacher', NOW()
    ),
    (
        'd1000000-0000-0000-0000-000000000004',
        'Павел', 'Морозов', 'Александрович',
        'morozov.p@example.com', NULL,
        'ИКПИ-25', 'ИТПИ', 'student', NOW()
    )
ON CONFLICT (user_id) DO NOTHING;

-- ─────────────────────────────────────────────────────────────────────────────────
-- Conversation 1: Ivan ↔ Алексей Сидоров — подготовка к экзамену
-- 8 сообщений; Ivan читал до 2026-03-30 09:26 → 2 непрочитанных (m7, m8)
-- ─────────────────────────────────────────────────────────────────────────────────

INSERT INTO conversation (id, type, title, owner_id, last_message_at, last_message_preview, last_message_sender_id, created_at, updated_at)
VALUES (
    'e1000001-0000-0000-0000-000000000001',
    'direct', NULL, NULL,
    '2026-03-31 10:05:00+00',
    'Уточнил расписание — экзамен 15 апреля, а не 20-го.',
    'bbbbbbbb-bbbb-bbbb-bbbb-bbbbbbbbbbbb',
    '2026-03-30 09:00:00+00',
    '2026-03-31 10:05:00+00'
) ON CONFLICT (id) DO NOTHING;

INSERT INTO message (id, conversation_id, sender_id, content, content_type, created_at, is_deleted)
VALUES
    ('e1001001-0000-0000-0000-000000000001', 'e1000001-0000-0000-0000-000000000001',
     'bbbbbbbb-bbbb-bbbb-bbbb-bbbbbbbbbbbb',
     'Иван, ты уже начал готовиться к экзамену по матану?',
     'text', '2026-03-30 09:00:00+00', FALSE),
    ('e1001002-0000-0000-0000-000000000001', 'e1000001-0000-0000-0000-000000000001',
     '550e8400-e29b-41d4-a716-446655440000',
     'Только начал, прошёл первые две темы. Есть хороший конспект?',
     'text', '2026-03-30 09:05:00+00', FALSE),
    ('e1001003-0000-0000-0000-000000000001', 'e1000001-0000-0000-0000-000000000001',
     'bbbbbbbb-bbbb-bbbb-bbbb-bbbbbbbbbbbb',
     'Да, скину тебе. Кстати, задачи из третьей главы понял?',
     'text', '2026-03-30 09:10:00+00', FALSE),
    ('e1001004-0000-0000-0000-000000000001', 'e1000001-0000-0000-0000-000000000001',
     '550e8400-e29b-41d4-a716-446655440000',
     'Да, там ничего сложного. Давай встретимся в библиотеке в пятницу?',
     'text', '2026-03-30 09:15:00+00', FALSE),
    ('e1001005-0000-0000-0000-000000000001', 'e1000001-0000-0000-0000-000000000001',
     'bbbbbbbb-bbbb-bbbb-bbbb-bbbbbbbbbbbb',
     'Окей, в 14:00 подходит?',
     'text', '2026-03-30 09:20:00+00', FALSE),
    ('e1001006-0000-0000-0000-000000000001', 'e1000001-0000-0000-0000-000000000001',
     '550e8400-e29b-41d4-a716-446655440000',
     'Да, отлично. До встречи!',
     'text', '2026-03-30 09:25:00+00', FALSE),
    -- Unread (после last_read_at Ивана 2026-03-30 09:26)
    ('e1001007-0000-0000-0000-000000000001', 'e1000001-0000-0000-0000-000000000001',
     'bbbbbbbb-bbbb-bbbb-bbbb-bbbbbbbbbbbb',
     'Кстати, препод сказал что будет 5 задач на экзамене.',
     'text', '2026-03-31 10:00:00+00', FALSE),
    ('e1001008-0000-0000-0000-000000000001', 'e1000001-0000-0000-0000-000000000001',
     'bbbbbbbb-bbbb-bbbb-bbbb-bbbbbbbbbbbb',
     'Уточнил расписание — экзамен 15 апреля, а не 20-го.',
     'text', '2026-03-31 10:05:00+00', FALSE)
ON CONFLICT (id) DO NOTHING;

INSERT INTO conversation_participant (id, conversation_id, user_id, role, can_reply, last_read_message_id, last_read_at, is_deleted, joined_at)
VALUES
    ('e1002001-0000-0000-0000-000000000001',
     'e1000001-0000-0000-0000-000000000001',
     '550e8400-e29b-41d4-a716-446655440000',
     'member', TRUE,
     'e1001006-0000-0000-0000-000000000001', '2026-03-30 09:26:00+00',
     FALSE, '2026-03-30 09:00:00+00'),
    ('e1002002-0000-0000-0000-000000000001',
     'e1000001-0000-0000-0000-000000000001',
     'bbbbbbbb-bbbb-bbbb-bbbb-bbbbbbbbbbbb',
     'member', TRUE,
     'e1001008-0000-0000-0000-000000000001', '2026-03-31 10:06:00+00',
     FALSE, '2026-03-30 09:00:00+00')
ON CONFLICT (conversation_id, user_id) DO NOTHING;

-- ─────────────────────────────────────────────────────────────────────────────────
-- Conversation 2: Ivan ↔ Дарья Козлова — вопрос по отчёту
-- 4 сообщения; 0 непрочитанных
-- ─────────────────────────────────────────────────────────────────────────────────

INSERT INTO conversation (id, type, title, owner_id, last_message_at, last_message_preview, last_message_sender_id, created_at, updated_at)
VALUES (
    'e1000002-0000-0000-0000-000000000002',
    'direct', NULL, NULL,
    '2026-03-29 14:30:00+00',
    'Конечно, поищу у себя и пришлю.',
    '550e8400-e29b-41d4-a716-446655440000',
    '2026-03-29 14:00:00+00',
    '2026-03-29 14:30:00+00'
) ON CONFLICT (id) DO NOTHING;

INSERT INTO message (id, conversation_id, sender_id, content, content_type, created_at, is_deleted)
VALUES
    ('e1001001-0000-0000-0000-000000000002', 'e1000002-0000-0000-0000-000000000002',
     'd1000000-0000-0000-0000-000000000001',
     'Привет! Не подскажешь, какой формат сдачи отчёта по практике?',
     'text', '2026-03-29 14:00:00+00', FALSE),
    ('e1001002-0000-0000-0000-000000000002', 'e1000002-0000-0000-0000-000000000002',
     '550e8400-e29b-41d4-a716-446655440000',
     'Привет! PDF, минимум 12 страниц, Times New Roman 14.',
     'text', '2026-03-29 14:10:00+00', FALSE),
    ('e1001003-0000-0000-0000-000000000002', 'e1000002-0000-0000-0000-000000000002',
     'd1000000-0000-0000-0000-000000000001',
     'Спасибо! А можешь скинуть пример прошлогоднего отчёта?',
     'text', '2026-03-29 14:20:00+00', FALSE),
    ('e1001004-0000-0000-0000-000000000002', 'e1000002-0000-0000-0000-000000000002',
     '550e8400-e29b-41d4-a716-446655440000',
     'Конечно, поищу у себя и пришлю.',
     'text', '2026-03-29 14:30:00+00', FALSE)
ON CONFLICT (id) DO NOTHING;

INSERT INTO conversation_participant (id, conversation_id, user_id, role, can_reply, last_read_message_id, last_read_at, is_deleted, joined_at)
VALUES
    ('e1002001-0000-0000-0000-000000000002',
     'e1000002-0000-0000-0000-000000000002',
     '550e8400-e29b-41d4-a716-446655440000',
     'member', TRUE,
     'e1001004-0000-0000-0000-000000000002', '2026-03-29 14:31:00+00',
     FALSE, '2026-03-29 14:00:00+00'),
    ('e1002002-0000-0000-0000-000000000002',
     'e1000002-0000-0000-0000-000000000002',
     'd1000000-0000-0000-0000-000000000001',
     'member', TRUE,
     'e1001004-0000-0000-0000-000000000002', '2026-03-29 14:31:00+00',
     FALSE, '2026-03-29 14:00:00+00')
ON CONFLICT (conversation_id, user_id) DO NOTHING;

-- ─────────────────────────────────────────────────────────────────────────────────
-- Conversation 3: Ivan ↔ Елена Николаева — отчёт по практике
-- 4 сообщения; 1 непрочитанное (от Елены, m4)
-- ─────────────────────────────────────────────────────────────────────────────────

INSERT INTO conversation (id, type, title, owner_id, last_message_at, last_message_preview, last_message_sender_id, created_at, updated_at)
VALUES (
    'e1000003-0000-0000-0000-000000000003',
    'direct', NULL, NULL,
    '2026-03-31 09:00:00+00',
    'Проверьте оформление списка литературы — там не хватает издательства.',
    'd1000000-0000-0000-0000-000000000003',
    '2026-03-30 11:00:00+00',
    '2026-03-31 09:00:00+00'
) ON CONFLICT (id) DO NOTHING;

INSERT INTO message (id, conversation_id, sender_id, content, content_type, created_at, is_deleted)
VALUES
    ('e1001001-0000-0000-0000-000000000003', 'e1000003-0000-0000-0000-000000000003',
     '550e8400-e29b-41d4-a716-446655440000',
     'Елена Игоревна, добрый день! Отправил отчёт по практике на почту.',
     'text', '2026-03-30 11:00:00+00', FALSE),
    ('e1001002-0000-0000-0000-000000000003', 'e1000003-0000-0000-0000-000000000003',
     'd1000000-0000-0000-0000-000000000003',
     'Иван, добрый день. Получила, посмотрю до конца недели.',
     'text', '2026-03-30 11:30:00+00', FALSE),
    ('e1001003-0000-0000-0000-000000000003', 'e1000003-0000-0000-0000-000000000003',
     '550e8400-e29b-41d4-a716-446655440000',
     'Спасибо! Если будут вопросы — напишите, пожалуйста.',
     'text', '2026-03-30 11:35:00+00', FALSE),
    -- Unread (после last_read_at Ивана 2026-03-30 11:36)
    ('e1001004-0000-0000-0000-000000000003', 'e1000003-0000-0000-0000-000000000003',
     'd1000000-0000-0000-0000-000000000003',
     'Проверьте оформление списка литературы — там не хватает издательства.',
     'text', '2026-03-31 09:00:00+00', FALSE)
ON CONFLICT (id) DO NOTHING;

INSERT INTO conversation_participant (id, conversation_id, user_id, role, can_reply, last_read_message_id, last_read_at, is_deleted, joined_at)
VALUES
    ('e1002001-0000-0000-0000-000000000003',
     'e1000003-0000-0000-0000-000000000003',
     '550e8400-e29b-41d4-a716-446655440000',
     'member', TRUE,
     'e1001003-0000-0000-0000-000000000003', '2026-03-30 11:36:00+00',
     FALSE, '2026-03-30 11:00:00+00'),
    ('e1002002-0000-0000-0000-000000000003',
     'e1000003-0000-0000-0000-000000000003',
     'd1000000-0000-0000-0000-000000000003',
     'member', TRUE,
     'e1001004-0000-0000-0000-000000000003', '2026-03-31 09:01:00+00',
     FALSE, '2026-03-30 11:00:00+00')
ON CONFLICT (conversation_id, user_id) DO NOTHING;

-- ─────────────────────────────────────────────────────────────────────────────────
-- Conversation 4: Ivan ↔ Павел Морозов — проблема с проектом
-- 5 сообщений; 3 непрочитанных (m3, m4, m5 — от Павла)
-- ─────────────────────────────────────────────────────────────────────────────────

INSERT INTO conversation (id, type, title, owner_id, last_message_at, last_message_preview, last_message_sender_id, created_at, updated_at)
VALUES (
    'e1000004-0000-0000-0000-000000000004',
    'direct', NULL, NULL,
    '2026-03-31 12:30:00+00',
    'Нашёл решение, всё ок! Коммичу.',
    'd1000000-0000-0000-0000-000000000004',
    '2026-03-31 12:00:00+00',
    '2026-03-31 12:30:00+00'
) ON CONFLICT (id) DO NOTHING;

INSERT INTO message (id, conversation_id, sender_id, content, content_type, created_at, is_deleted)
VALUES
    ('e1001001-0000-0000-0000-000000000004', 'e1000004-0000-0000-0000-000000000004',
     '550e8400-e29b-41d4-a716-446655440000',
     'Паш, как продвигается твоя часть проекта?',
     'text', '2026-03-31 12:00:00+00', FALSE),
    ('e1001002-0000-0000-0000-000000000004', 'e1000004-0000-0000-0000-000000000004',
     'd1000000-0000-0000-0000-000000000004',
     'Работаю, к завтрашнему дню сделаю.',
     'text', '2026-03-31 12:10:00+00', FALSE),
    -- Unread (после last_read_at Ивана 2026-03-31 12:11)
    ('e1001003-0000-0000-0000-000000000004', 'e1000004-0000-0000-0000-000000000004',
     'd1000000-0000-0000-0000-000000000004',
     'Слушай, возникла проблема с базой данных — миграция не накатывается.',
     'text', '2026-03-31 12:20:00+00', FALSE),
    ('e1001004-0000-0000-0000-000000000004', 'e1000004-0000-0000-0000-000000000004',
     'd1000000-0000-0000-0000-000000000004',
     'Ты не смотрел как у нас настроен PostgreSQL? Там что-то с правами.',
     'text', '2026-03-31 12:25:00+00', FALSE),
    ('e1001005-0000-0000-0000-000000000004', 'e1000004-0000-0000-0000-000000000004',
     'd1000000-0000-0000-0000-000000000004',
     'Нашёл решение, всё ок! Коммичу.',
     'text', '2026-03-31 12:30:00+00', FALSE)
ON CONFLICT (id) DO NOTHING;

INSERT INTO conversation_participant (id, conversation_id, user_id, role, can_reply, last_read_message_id, last_read_at, is_deleted, joined_at)
VALUES
    ('e1002001-0000-0000-0000-000000000004',
     'e1000004-0000-0000-0000-000000000004',
     '550e8400-e29b-41d4-a716-446655440000',
     'member', TRUE,
     'e1001002-0000-0000-0000-000000000004', '2026-03-31 12:11:00+00',
     FALSE, '2026-03-31 12:00:00+00'),
    ('e1002002-0000-0000-0000-000000000004',
     'e1000004-0000-0000-0000-000000000004',
     'd1000000-0000-0000-0000-000000000004',
     'member', TRUE,
     'e1001005-0000-0000-0000-000000000004', '2026-03-31 12:31:00+00',
     FALSE, '2026-03-31 12:00:00+00')
ON CONFLICT (conversation_id, user_id) DO NOTHING;

-- ─────────────────────────────────────────────────────────────────────────────────
-- Conversation 5: Broadcast — Елена Николаева → ИКПИ-25 — контрольная работа
-- 1 сообщение; Иван не читал → 1 непрочитанное
-- ─────────────────────────────────────────────────────────────────────────────────

INSERT INTO conversation (id, type, title, owner_id, last_message_at, last_message_preview, last_message_sender_id, created_at, updated_at)
VALUES (
    'e1000005-0000-0000-0000-000000000005',
    'broadcast',
    'Контрольная работа — Алгоритмы',
    'd1000000-0000-0000-0000-000000000003',
    '2026-03-31 08:00:00+00',
    'Контрольная работа по дисциплине «Алгоритмы и структуры данных» состоится 3 апреля.',
    'd1000000-0000-0000-0000-000000000003',
    '2026-03-31 08:00:00+00',
    '2026-03-31 08:00:00+00'
) ON CONFLICT (id) DO NOTHING;

INSERT INTO message (id, conversation_id, sender_id, content, content_type, created_at, is_deleted)
VALUES (
    'e1001001-0000-0000-0000-000000000005', 'e1000005-0000-0000-0000-000000000005',
    'd1000000-0000-0000-0000-000000000003',
    'Уважаемые студенты! Контрольная работа по дисциплине «Алгоритмы и структуры данных» состоится 3 апреля в 12:00, аудитория 204. Темы: сортировки, деревья, хэш-таблицы. Разрешено пользоваться конспектами.',
    'text', '2026-03-31 08:00:00+00', FALSE
) ON CONFLICT (id) DO NOTHING;

INSERT INTO conversation_participant (id, conversation_id, user_id, role, can_reply, last_read_message_id, last_read_at, is_deleted, joined_at)
VALUES
    ('e1002001-0000-0000-0000-000000000005',
     'e1000005-0000-0000-0000-000000000005',
     'd1000000-0000-0000-0000-000000000003',
     'owner', TRUE,
     'e1001001-0000-0000-0000-000000000005', '2026-03-31 08:00:00+00',
     FALSE, '2026-03-31 08:00:00+00'),
    -- Ivan: last_read_at = NULL → unread_count query: count > last_read_at, NULL means all messages unread
    ('e1002002-0000-0000-0000-000000000005',
     'e1000005-0000-0000-0000-000000000005',
     '550e8400-e29b-41d4-a716-446655440000',
     'member', FALSE,
     NULL, NULL,
     FALSE, '2026-03-31 08:00:00+00'),
    ('e1002003-0000-0000-0000-000000000005',
     'e1000005-0000-0000-0000-000000000005',
     'bbbbbbbb-bbbb-bbbb-bbbb-bbbbbbbbbbbb',
     'member', FALSE,
     NULL, NULL,
     FALSE, '2026-03-31 08:00:00+00'),
    ('e1002004-0000-0000-0000-000000000005',
     'e1000005-0000-0000-0000-000000000005',
     'd1000000-0000-0000-0000-000000000001',
     'member', FALSE,
     NULL, NULL,
     FALSE, '2026-03-31 08:00:00+00')
ON CONFLICT (conversation_id, user_id) DO NOTHING;
