-- Migration: Conversations for София, Михаил, Анна (f1000000-0000-0000-0000-000000000001..003)
-- Links with Иван Иванов (550e8400-e29b-41d4-a716-446655440000); участники broadcast ИКПИ-25

-- ─── user_cache ─────────────────────────────────────────────────────────────────

INSERT INTO user_cache (user_id, name, last_name, middle_name, email, avatar, group_name, faculty, role, cached_at)
VALUES
    (
        'f1000000-0000-0000-0000-000000000001',
        'София', 'Волкова', 'Дмитриевна',
        'sofia.volkova@example.com', NULL,
        'ИКПИ-25', 'ИТПИ', 'student', NOW()
    ),
    (
        'f1000000-0000-0000-0000-000000000002',
        'Михаил', 'Орлов', 'Павлович',
        'mikhail.orlov@example.com', NULL,
        'ИКПИ-25', 'ИТПИ', 'student', NOW()
    ),
    (
        'f1000000-0000-0000-0000-000000000003',
        'Анна', 'Жукова', 'Сергеевна',
        'anna.zhukova@example.com', NULL,
        'ИКПИ-25', 'ИТПИ', 'student', NOW()
    )
ON CONFLICT (user_id) DO NOTHING;

-- ─── Direct: Иван ↔ София — вопрос по курсовой ──────────────────────────────────

INSERT INTO conversation (id, type, title, owner_id, last_message_at, last_message_preview, last_message_sender_id, created_at, updated_at)
VALUES (
    'f1000001-0000-0000-0000-000000000001',
    'direct', NULL, NULL,
    '2026-03-31 14:18:00+00',
    'Поняла, спасибо. Набросок скину сегодня до 21:00.',
    'f1000000-0000-0000-0000-000000000001',
    '2026-03-31 13:45:00+00',
    '2026-03-31 14:18:00+00'
) ON CONFLICT (id) DO NOTHING;

INSERT INTO message (id, conversation_id, sender_id, content, content_type, created_at, is_deleted)
VALUES
    ('f1001001-0000-0000-0000-000000000001', 'f1000001-0000-0000-0000-000000000001',
     'f1000000-0000-0000-0000-000000000001',
     'Иван, привет! Можешь глянуть мой план глав для курсовой? Скину ссылку сегодня вечером.',
     'text', '2026-03-31 13:45:00+00', FALSE),
    ('f1001002-0000-0000-0000-000000000001', 'f1000001-0000-0000-0000-000000000001',
     '550e8400-e29b-41d4-a716-446655440000',
     'Привет, София. Да, кинь вечером — посмотрю и набросаю комментарии.',
     'text', '2026-03-31 13:52:00+00', FALSE),
    ('f1001003-0000-0000-0000-000000000001', 'f1000001-0000-0000-0000-000000000001',
     'f1000000-0000-0000-0000-000000000001',
     'Спасибо! И ещё: для сравнения метрик лучше взять A/B или достаточно одной выборки?',
     'text', '2026-03-31 14:05:00+00', FALSE),
    ('f1001004-0000-0000-0000-000000000001', 'f1000001-0000-0000-0000-000000000001',
     '550e8400-e29b-41d4-a716-446655440000',
     'Лучше A/B, так чище интерпретация. Если не успеешь — опиши ограничения одной выборки.',
     'text', '2026-03-31 14:12:00+00', FALSE),
    ('f1001005-0000-0000-0000-000000000001', 'f1000001-0000-0000-0000-000000000001',
     'f1000000-0000-0000-0000-000000000001',
     'Поняла, спасибо. Набросок скину сегодня до 21:00.',
     'text', '2026-03-31 14:18:00+00', FALSE)
ON CONFLICT (id) DO NOTHING;

INSERT INTO conversation_participant (id, conversation_id, user_id, role, can_reply, last_read_message_id, last_read_at, is_deleted, joined_at)
VALUES
    ('f1002001-0000-0000-0000-000000000001',
     'f1000001-0000-0000-0000-000000000001',
     'f1000000-0000-0000-0000-000000000001',
     'member', TRUE,
     'f1001005-0000-0000-0000-000000000001', '2026-03-31 14:19:00+00',
     FALSE, '2026-03-31 13:45:00+00'),
    ('f1002002-0000-0000-0000-000000000001',
     'f1000001-0000-0000-0000-000000000001',
     '550e8400-e29b-41d4-a716-446655440000',
     'member', TRUE,
     'f1001005-0000-0000-0000-000000000001', '2026-03-31 14:19:00+00',
     FALSE, '2026-03-31 13:45:00+00')
ON CONFLICT (conversation_id, user_id) DO NOTHING;

-- ─── Direct: Иван ↔ Михаил — лабораторная ───────────────────────────────────────

INSERT INTO conversation (id, type, title, owner_id, last_message_at, last_message_preview, last_message_sender_id, created_at, updated_at)
VALUES (
    'f1000002-0000-0000-0000-000000000002',
    'direct', NULL, NULL,
    '2026-03-30 16:40:00+00',
    'Супер, спасибо! Завтра покажу преподу.',
    '550e8400-e29b-41d4-a716-446655440000',
    '2026-03-30 16:10:00+00',
    '2026-03-30 16:40:00+00'
) ON CONFLICT (id) DO NOTHING;

INSERT INTO message (id, conversation_id, sender_id, content, content_type, created_at, is_deleted)
VALUES
    ('f1001001-0000-0000-0000-000000000002', 'f1000002-0000-0000-0000-000000000002',
     '550e8400-e29b-41d4-a716-446655440000',
     'Миша, привет. По лабе №4: у тебя корректно отрабатывает таймаут на стороне клиента?',
     'text', '2026-03-30 16:10:00+00', FALSE),
    ('f1001002-0000-0000-0000-000000000002', 'f1000002-0000-0000-0000-000000000002',
     'f1000000-0000-0000-0000-000000000002',
     'Привет! Да, я поставил 5 секунд и ретраи с backoff. Могу скинуть кусок кода.',
     'text', '2026-03-30 16:22:00+00', FALSE),
    ('f1001003-0000-0000-0000-000000000002', 'f1000002-0000-0000-0000-000000000002',
     '550e8400-e29b-41d4-a716-446655440000',
     'Кинь, пожалуйста — хочу сравнить с моей реализацией.',
     'text', '2026-03-30 16:28:00+00', FALSE),
    ('f1001004-0000-0000-0000-000000000002', 'f1000002-0000-0000-0000-000000000002',
     'f1000000-0000-0000-0000-000000000002',
     'Готово, выложил в наш общий репозиторий в ветку lab4-timeout.',
     'text', '2026-03-30 16:35:00+00', FALSE),
    ('f1001005-0000-0000-0000-000000000002', 'f1000002-0000-0000-0000-000000000002',
     '550e8400-e29b-41d4-a716-446655440000',
     'Супер, спасибо! Завтра покажу преподу.',
     'text', '2026-03-30 16:40:00+00', FALSE)
ON CONFLICT (id) DO NOTHING;

INSERT INTO conversation_participant (id, conversation_id, user_id, role, can_reply, last_read_message_id, last_read_at, is_deleted, joined_at)
VALUES
    ('f1002001-0000-0000-0000-000000000002',
     'f1000002-0000-0000-0000-000000000002',
     '550e8400-e29b-41d4-a716-446655440000',
     'member', TRUE,
     'f1001005-0000-0000-0000-000000000002', '2026-03-30 16:41:00+00',
     FALSE, '2026-03-30 16:10:00+00'),
    ('f1002002-0000-0000-0000-000000000002',
     'f1000002-0000-0000-0000-000000000002',
     'f1000000-0000-0000-0000-000000000002',
     'member', TRUE,
     'f1001005-0000-0000-0000-000000000002', '2026-03-30 16:41:00+00',
     FALSE, '2026-03-30 16:10:00+00')
ON CONFLICT (conversation_id, user_id) DO NOTHING;

-- ─── Direct: София ↔ Анна — подготовка к семинару ──────────────────────────────

INSERT INTO conversation (id, type, title, owner_id, last_message_at, last_message_preview, last_message_sender_id, created_at, updated_at)
VALUES (
    'f1000003-0000-0000-0000-000000000003',
    'direct', NULL, NULL,
    '2026-03-31 11:15:00+00',
    'Договорились, в 9:45 у входа в корпус.',
    'f1000000-0000-0000-0000-000000000003',
    '2026-03-31 10:50:00+00',
    '2026-03-31 11:15:00+00'
) ON CONFLICT (id) DO NOTHING;

INSERT INTO message (id, conversation_id, sender_id, content, content_type, created_at, is_deleted)
VALUES
    ('f1001001-0000-0000-0000-000000000003', 'f1000003-0000-0000-0000-000000000003',
     'f1000000-0000-0000-0000-000000000003',
     'Соф, ты сделала слайды к семинару по распределённым системам?',
     'text', '2026-03-31 10:50:00+00', FALSE),
    ('f1001002-0000-0000-0000-000000000003', 'f1000003-0000-0000-0000-000000000003',
     'f1000000-0000-0000-0000-000000000001',
     'Да, черновик готов. Могу скинуть PDF до вечера.',
     'text', '2026-03-31 10:55:00+00', FALSE),
    ('f1001003-0000-0000-0000-000000000003', 'f1000003-0000-0000-0000-000000000003',
     'f1000000-0000-0000-0000-000000000003',
     'Отлично. Давай завтра в 10:00 пробежимся у доски?',
     'text', '2026-03-31 11:02:00+00', FALSE),
    ('f1001004-0000-0000-0000-000000000003', 'f1000003-0000-0000-0000-000000000003',
     'f1000000-0000-0000-0000-000000000001',
     'Договорились, в 9:45 у входа в корпус.',
     'text', '2026-03-31 11:15:00+00', FALSE)
ON CONFLICT (id) DO NOTHING;

INSERT INTO conversation_participant (id, conversation_id, user_id, role, can_reply, last_read_message_id, last_read_at, is_deleted, joined_at)
VALUES
    ('f1002001-0000-0000-0000-000000000003',
     'f1000003-0000-0000-0000-000000000003',
     'f1000000-0000-0000-0000-000000000001',
     'member', TRUE,
     'f1001004-0000-0000-0000-000000000003', '2026-03-31 11:16:00+00',
     FALSE, '2026-03-31 10:50:00+00'),
    ('f1002002-0000-0000-0000-000000000003',
     'f1000003-0000-0000-0000-000000000003',
     'f1000000-0000-0000-0000-000000000003',
     'member', TRUE,
     'f1001004-0000-0000-0000-000000000003', '2026-03-31 11:16:00+00',
     FALSE, '2026-03-31 10:50:00+00')
ON CONFLICT (conversation_id, user_id) DO NOTHING;

-- ─── Broadcast ИКПИ-25 (Мария Петрова): добавить троих студентов ─────────────────

INSERT INTO conversation_participant (id, conversation_id, user_id, role, can_reply, last_read_message_id, last_read_at, is_deleted, joined_at)
VALUES
    (
        'f100200d-dddd-dddd-dddd-000000000001',
        'dddddddd-dddd-dddd-dddd-dddddddddddd',
        'f1000000-0000-0000-0000-000000000001',
        'member', FALSE,
        'dd100001-dddd-dddd-dddd-000000000001', '2026-03-29 10:05:00+00',
        FALSE, '2026-03-29 10:00:00+00'
    ),
    (
        'f100200d-dddd-dddd-dddd-000000000002',
        'dddddddd-dddd-dddd-dddd-dddddddddddd',
        'f1000000-0000-0000-0000-000000000002',
        'member', FALSE,
        NULL, NULL,
        FALSE, '2026-03-29 10:00:00+00'
    ),
    (
        'f100200d-dddd-dddd-dddd-000000000003',
        'dddddddd-dddd-dddd-dddd-dddddddddddd',
        'f1000000-0000-0000-0000-000000000003',
        'member', FALSE,
        'dd100001-dddd-dddd-dddd-000000000001', '2026-03-29 10:02:00+00',
        FALSE, '2026-03-29 10:00:00+00'
    )
ON CONFLICT (conversation_id, user_id) DO NOTHING;
